Sample Name,COSMIC identifier,MSI
A253,906794,MSS/MSI-L
BB30-HNC,753531,MSS/MSI-L
BB49-HNC,753532,MSS/MSI-L
BHY,753535,MSS/MSI-L
BICR10,1290724,MSS/MSI-L
BICR22,1240121,MSS/MSI-L
BICR31,1290725,MSS/MSI-L
BICR78,1240122,MSS/MSI-L
Ca9-22,753538,MSS/MSI-L
CAL-27,910916,MSS/MSI-L
CAL-33,753541,MSS/MSI-L
Detroit562,906837,MSS/MSI-L
DOK,910936,MSS/MSI-L
FADU,906863,MSS/MSI-L
H3118,1240140,MSS/MSI-L
HN,907059,MSS/MSI-L
HO-1-N-1,924111,MSS/MSI-L
HO-1-u-1,753561,MSS/MSI-L
HSC-2,753562,MSS/MSI-L
HSC-3,907061,MSS/MSI-L
HSC-4,907062,MSS/MSI-L
JHU-011,1240161,MSS/MSI-L
JHU-022,1240162,MSS/MSI-L
KON,1298215,MSS/MSI-L
KOSC-2,753570,MSS/MSI-L
LB771-HNC,753583,MSS/MSI-L
OSC-19,1298362,MSS/MSI-L
OSC-20,1240196,MSS/MSI-L
PCI-15A,1240204,MSS/MSI-L
PCI-30,1298529,MSS/MSI-L
PCI-38,1240205,MSS/MSI-L
PCI-4B,1298531,MSS/MSI-L
PCI-6A,1240206,MSS/MSI-L
PE/CA-PJ15,1240207,MSS/MSI-L
RPMI-2650,909700,MSS/MSI-L
SAS,909708,MSS/MSI-L
SAT,1299050,MSS/MSI-L
SCC-15,910911,MSS/MSI-L
SCC-25,910701,MSS/MSI-L
SCC-4,910904,MSS/MSI-L
SCC-9,909709,MSS/MSI-L
SKN-3,1299059,MSS/MSI-L
COLO-680N,906817,MSS/MSI-L
EC-GI-10,753555,MSS/MSI-L
ESO26,1503366,MSS/MSI-L
ESO51,1503367,MSS/MSI-L
FLO-1,1503361,MSS/MSI-L
HCE-4,753559,MSS/MSI-L
KYAE-1,1503368,MSS/MSI-L
KYSE-140,753573,MSS/MSI-L
KYSE-150,907317,MSS/MSI-L
KYSE-180,907318,MSS/MSI-L
KYSE-220,1240167,MSS/MSI-L
KYSE-270,907319,MSS/MSI-L
KYSE-410,753574,MSS/MSI-L
KYSE-450,907320,MSS/MSI-L
KYSE-50,1298222,MSS/MSI-L
KYSE-510,907321,MSS/MSI-L
KYSE-520,753575,MSS/MSI-L
KYSE-70,753576,MSS/MSI-L
OACM5-1,1503363,MSS/MSI-L
OACp4C,1503362,MSS/MSI-L
OE19,910079,MSS/MSI-L
OE21,1298359,MSS/MSI-L
OE33,910549,MSS/MSI-L
SK-GT-4,1503365,MSS/MSI-L
TE-1,753621,MSS/MSI-L
TE-10,753622,MSS/MSI-L
TE-11,946354,MSS/MSI-L
TE-12,946356,MSS/MSI-L
TE-15,753614,MSS/MSI-L
TE-4,1503371,MSS/MSI-L
TE-5,735784,MSS/MSI-L
TE-6,946355,MSS/MSI-L
TE-8,753623,MSS/MSI-L
TE-9,946353,MSS/MSI-L
T-T,1299064,MSS/MSI-L
CESS,910688,MSS/MSI-L
CTV-1,753548,MSI-H
GDM-1,906870,MSS/MSI-L
HEL,907053,MSS/MSI-L
HL-60,905938,MSS/MSI-L
KASUMI-1,907275,MSS/MSI-L
KG-1,907278,MSS/MSI-L
KMOE-2,907280,MSS/MSI-L
ME-1,1330942,MSS/MSI-L
ML-2,908141,MSS/MSI-L
MOLM-13,1330947,MSS/MSI-L
MONO-MAC-6,908148,MSS/MSI-L
NKM-1,908448,MSS/MSI-L
NOMO-1,908451,MSS/MSI-L
OCI-AML2,910947,MSS/MSI-L
OCI-AML3,1290455,MSS/MSI-L
OCI-AML5,1330983,MSS/MSI-L
OCI-M1,1330985,MSS/MSI-L
P31-FUJ,909253,MSI-H
PL-21,1330991,MSS/MSI-L
QIMR-WIL,910545,MSS/MSI-L
SIG-M5,909715,MSS/MSI-L
THP-1,909771,MSS/MSI-L
KARPAS-299,907273,MSS/MSI-L
SU-DHL-1,909742,MSS/MSI-L
SUP-M2,1331040,MSS/MSI-L
BALL-1,910705,MSS/MSI-L
KARPAS-231,1327774,MSS/MSI-L
KOPN-8,1330933,MSS/MSI-L
MHH-CALL-2,908132,MSS/MSI-L
MHH-PREB-1,908136,MSI-H
MN-60,908143,MSI-H
NALM-6,908158,MSI-H
RCH-ACV,1330994,MSS/MSI-L
REH,909696,MSI-H
ROS-50,1331025,MSS/MSI-L
SUP-B8,910209,MSS/MSI-L
U-698-M,909777,MSS/MSI-L
A3-KAW,910935,MSS/MSI-L
A4-Fuk,910934,MSS/MSI-L
BC-1,910919,MSS/MSI-L
CRO-AP2,906807,MSS/MSI-L
CTB-1,949088,MSS/MSI-L
DB,906832,MSS/MSI-L
DOHH-2,906842,MSS/MSI-L
Farage,1297449,MSS/MSI-L
GRANTA-519,1303897,MSS/MSI-L
JEKO-1,1327765,MSS/MSI-L
JSC-1,1327769,MSS/MSI-L
KARPAS-1106P,1327773,MSS/MSI-L
KARPAS-422,907274,MSS/MSI-L
MC116,907799,MSS/MSI-L
NU-DUL-1,1330982,MSS/MSI-L
OCI-LY-19,1330984,MSS/MSI-L
RC-K8,1330995,MSS/MSI-L
RL,910861,MSS/MSI-L
SCC-3,910930,MSS/MSI-L
SLVL,1331032,MSS/MSI-L
SU-DHL-10,1331033,MSS/MSI-L
SU-DHL-16,1331034,MSS/MSI-L
SU-DHL-4,1331035,MSS/MSI-L
SU-DHL-5,1331036,MSS/MSI-L
SU-DHL-6,1331037,MSS/MSI-L
SU-DHL-8,1331038,MSS/MSI-L
TK,1331045,MSS/MSI-L
TUR,909773,MSI-H
VAL,1331048,MSS/MSI-L
WSU-DLCL2,1331050,MSS/MSI-L
BL-41,910706,MSS/MSI-L
CA46,910703,MSS/MSI-L
Daudi,906831,MSS/MSI-L
DG-75,906838,MSI-H
EB2,906846,MSS/MSI-L
EB-3,906847,MSS/MSI-L
GA-10,1303896,MSS/MSI-L
JiyoyeP-2003,907268,MSS/MSI-L
NAMALWA,908159,MSS/MSI-L
P32-ISH,1330987,MSS/MSI-L
Raji,909262,MSS/MSI-L
Ramos-2G6-4C10,910401,MSS/MSI-L
ST486,910906,MSS/MSI-L
BV-173,910710,MSS/MSI-L
CML-T1,910951,MSS/MSI-L
EM-2,906855,MSS/MSI-L
JURL-MK1,1327771,MSS/MSI-L
K-562,905940,MSS/MSI-L
KCL-22,1330931,MSI-H
KU812,907311,MSS/MSI-L
LAMA-84,907783,MSS/MSI-L
MEG-01,908126,MSS/MSI-L
RPMI-8866,910544,MSS/MSI-L
AMO-1,1295741,MSS/MSI-L
EoL-1-cell,906856,MSS/MSI-L
JJN-3,1327766,MSS/MSI-L
KARPAS-620,1327775,MSS/MSI-L
MC-CAR,683665,MSS/MSI-L
SKM-1,909722,MSS/MSI-L
HC-1,907044,MSS/MSI-L
MLMA,908142,MSS/MSI-L
Mo-T,908149,MSS/MSI-L
HDLM-2,924110,MSS/MSI-L
HD-MY-Z,907050,MSS/MSI-L
Hs-445,1322218,MSS/MSI-L
KM-H2,909976,MSS/MSI-L
L-1236,1330935,MSS/MSI-L
L-428,907322,MSS/MSI-L
L-540,907323,MSS/MSI-L
RPMI-6666,909701,MSS/MSI-L
SUP-HD1,1331039,MSS/MSI-L
KY821,907300,MSS/MSI-L
MV-4-11,908156,MSS/MSI-L
RS4-11,909703,MSI-H
697,906800,MSS/MSI-L
ALL-PO,910944,MSS/MSI-L
BE-13,906763,MSS/MSI-L
CCRF-CEM,905952,MSS/MSI-L
GR-ST,906877,MSI-H
HAL-01,949153,MSS/MSI-L
KARPAS-45,907272,MSS/MSI-L
KE-37,907277,MSS/MSI-L
LC4-1,907787,MSS/MSI-L
MOLT-4,905958,MSI-H
P30-OHK,909252,MSI-H
SUP-B15,1247871,MSS/MSI-L
ATN-1,910687,MSS/MSI-L
LOUCY,907789,MSS/MSI-L
MOLT-13,908146,MSI-H
MOLT-16,908147,MSS/MSI-L
P12-ICHIKAWA,909251,MSS/MSI-L
PF-382,909260,MSS/MSI-L
RPMI-8402,909702,MSS/MSI-L
SUP-T1,909743,MSS/MSI-L
DEL,906836,MSS/MSI-L
EHEB,906854,MSS/MSI-L
EJM,1297447,MSS/MSI-L
H9,907043,MSS/MSI-L
JVM-2,907269,MSS/MSI-L
JVM-3,907270,MSS/MSI-L
SR,905965,MSS/MSI-L
WIL2-NS,1331049,MSS/MSI-L
WSU-NHL,909785,MSI-H
YT,946358,MSS/MSI-L
ARH-77,906765,MSS/MSI-L
IM-9,753563,MSS/MSI-L
KMS-12-BM,907281,MSS/MSI-L
L-363,924239,MSS/MSI-L
LP-1,907791,MSS/MSI-L
MM1S,1659818,MSS/MSI-L
MOLP-8,1330950,MSS/MSI-L
NCI-H929,724825,MSS/MSI-L
OPM-2,909249,MSS/MSI-L
RPMI-8226,905964,MSS/MSI-L
SK-MM-2,753612,MSS/MSI-L
U-266,753615,MSS/MSI-L
ALL-SIL,1295740,MSS/MSI-L
DND-41,1297446,MSI-H
HH,907056,MSS/MSI-L
Jurkat,998184,MSI-H
CS1,1290795,MSS/MSI-L
SJSA-1,909717,MSS/MSI-L
CAL-78,1290765,MSS/MSI-L
CHSA8926,1303912,MSS/MSI-L
H-EMC-SS,907290,MSS/MSI-L
CADO-ES1,753539,MSS/MSI-L
ES1,949158,MSS/MSI-L
ES3,684055,MSS/MSI-L
ES4,949156,MSS/MSI-L
ES5,684057,MSS/MSI-L
ES7,684059,MSS/MSI-L
ES8,949155,MSS/MSI-L
EW-1,949163,MSS/MSI-L
EW-11,684062,MSS/MSI-L
EW-12,949162,MSS/MSI-L
EW-13,949166,MSS/MSI-L
EW-16,949165,MSS/MSI-L
EW-18,949164,MSS/MSI-L
EW-22,949167,MSS/MSI-L
EW-24,949168,MSS/MSI-L
EW-3,949161,MSS/MSI-L
EW-7,949160,MSS/MSI-L
SK-ES-1,684072,MSS/MSI-L
SK-PN-DW,909731,MSS/MSI-L
TC-71,1240221,MSS/MSI-L
CAL-72,906827,MSS/MSI-L
G-292 Clone A141B1,1290807,MSS/MSI-L
HOS,907060,MSS/MSI-L
HuO-3N1,909977,MSS/MSI-L
HuO9,907072,MSS/MSI-L
MG-63,908131,MSS/MSI-L
NOS-1,925345,MSS/MSI-L
NY,910849,MSS/MSI-L
Saos-2,909707,MSS/MSI-L
U-2-OS,909776,MSS/MSI-L
AU565,910704,MSS/MSI-L
BT-20,906801,MSS/MSI-L
BT-474,946359,MSS/MSI-L
BT-483,949093,MSS/MSI-L
BT-549,905951,MSS/MSI-L
CAL-120,906826,MSS/MSI-L
CAL-148,924106,MSS/MSI-L
CAL-51,910927,MSS/MSI-L
CAL-85-1,910852,MSS/MSI-L
CAMA-1,946382,MSS/MSI-L
COLO-824,906812,MSS/MSI-L
DU-4475,906844,MSS/MSI-L
EFM-19,906851,MSS/MSI-L
EFM-192A,1290798,MSS/MSI-L
EVSA-T,906862,MSS/MSI-L
HCC1143,749710,MSS/MSI-L
HCC1187,749711,MSS/MSI-L
HCC1395,749712,MSS/MSI-L
HCC1419,907045,MSS/MSI-L
HCC1428,1290905,MSS/MSI-L
HCC1500,1303900,MSS/MSI-L
HCC1569,907046,MSI-H
HCC1599,749713,MSS/MSI-L
HCC1806,907047,MSS/MSI-L
HCC1937,749714,MSS/MSI-L
HCC1954,749709,MSS/MSI-L
HCC202,1290906,MSS/MSI-L
HCC2157,749715,MSS/MSI-L
HCC2218,749716,MSS/MSI-L
HCC38,749717,MSS/MSI-L
HCC70,907048,MSS/MSI-L
HDQ-P1,1290922,MSS/MSI-L
Hs-578-T,905957,MSS/MSI-L
MCF7,905946,MSS/MSI-L
MDA-MB-157,925338,MSS/MSI-L
MDA-MB-231,905960,MSS/MSI-L
MDA-MB-330,1330941,MSS/MSI-L
MDA-MB-361,908121,MSS/MSI-L
MDA-MB-415,924240,MSS/MSI-L
MDA-MB-436,1240172,MSS/MSI-L
MDA-MB-453,908122,MSS/MSI-L
MDA-MB-468,908123,MSS/MSI-L
MFM-223,910948,MSS/MSI-L
MRK-nu-1,908151,MSS/MSI-L
OCUB-M,909256,MSS/MSI-L
T47D,905945,MSS/MSI-L
UACC-812,910910,MSS/MSI-L
UACC-893,909778,MSS/MSI-L
ZR-75-30,909907,MSS/MSI-L
EGI-1,906853,MSS/MSI-L
ETK-1,906861,MSS/MSI-L
HuCCT1,907069,MSS/MSI-L
TGBC1TKB,909769,MSS/MSI-L
TGBC24TKB,910695,MSS/MSI-L
HUTU-80,907073,MSS/MSI-L
C2BBe1,910700,MSS/MSI-L
CaR-1,924108,MSS/MSI-L
CCK-81,1240123,MSI-H
CL-11,1290769,MSS/MSI-L
CL-40,1240124,MSS/MSI-L
COLO-205,905961,MSS/MSI-L
COLO-320-HSR,910569,MSS/MSI-L
COLO-678,910689,MSS/MSI-L
CW-2,910554,MSI-H
GP5d,907291,MSI-H
HCC2998,905971,MSS/MSI-L
HCC-56,1290907,MSS/MSI-L
HCT-116,905936,MSI-H
HCT-15,905937,MSI-H
HT-115,907289,MSS/MSI-L
HT-29,905939,MSS/MSI-L
HT55,907287,MSS/MSI-L
KM12,905989,MSI-H
LoVo,907790,MSI-H
LS-1034,917486,MSS/MSI-L
LS-123,907792,MSS/MSI-L
LS-180,998189,MSI-H
LS-411N,907794,MSI-H
LS-513,907795,MSS/MSI-L
MDST8,1240173,MSS/MSI-L
NCI-H630,908482,MSI-H
NCI-H716,908458,MSS/MSI-L
NCI-H747,908457,MSS/MSI-L
RCM-1,909263,MSS/MSI-L
RKO,909698,MSI-H
SK-CO-1,909718,MSS/MSI-L
SNU-1040,1659823,MSS/MSI-L
SNU-175,1659928,MSI-H
SNU-407,1660034,MSI-H
SNU-61,1660035,MSS/MSI-L
SNU-81,1660036,MSS/MSI-L
SNU-C1,910905,MSS/MSI-L
SNU-C2B,909740,MSI-H
SNU-C5,1674021,MSI-H
SW1116,909746,MSS/MSI-L
SW1417,909747,MSS/MSI-L
SW1463,909748,MSS/MSI-L
SW48,909751,MSI-H
SW837,909755,MSS/MSI-L
SW948,909757,MSS/MSI-L
T84,909761,MSS/MSI-L
C3A,910850,MSS/MSI-L
Hep 3B2_1-7,1240147,MSS/MSI-L
HLE,907057,MSS/MSI-L
huH-1,1298146,MSS/MSI-L
HuH-7,907071,MSS/MSI-L
JHH-1,1298151,MSS/MSI-L
JHH-6,1240159,MSS/MSI-L
JHH-7,1240160,MSS/MSI-L
SK-HEP-1,909719,MSS/MSI-L
SNU-182,1240216,MSS/MSI-L
SNU-387,909736,MSS/MSI-L
SNU-398,1240217,MSS/MSI-L
SNU-423,909737,MSS/MSI-L
SNU-449,909738,MSS/MSI-L
SNU-475,909739,MSS/MSI-L
23132-87,910924,MSI-H
AGS,906790,MSS/MSI-L
ECC10,906848,MSS/MSI-L
ECC12,906849,MSS/MSI-L
FU97,1290806,MSS/MSI-L
GCIY,906869,MSS/MSI-L
GT3TKB,907041,MSS/MSI-L
HGC-27,907055,MSS/MSI-L
Hs746T,1240151,MSS/MSI-L
HSC-39,1322224,MSS/MSI-L
IM-95,1240155,MSS/MSI-L
KATOIII,907276,MSS/MSI-L
MKN1,908138,MSS/MSI-L
MKN28,908139,MSS/MSI-L
MKN45,925340,MSS/MSI-L
MKN7,924250,MSS/MSI-L
NCI-N87,908461,MSS/MSI-L
NCI-SNU-1,908444,MSI-H
NCI-SNU-16,908446,MSS/MSI-L
NCI-SNU-5,908445,MSS/MSI-L
NUGC-3,908455,MSI-H
NUGC-4,1298357,MSS/MSI-L
OCUM-1,1298358,MSS/MSI-L
RERF-GC-1B,1240209,MSS/MSI-L
RF-48,909697,MSS/MSI-L
SCH,909711,MSS/MSI-L
SK-GT-2,1503364,MSS/MSI-L
TGBC11TKB,909770,MSI-H
SW13,909744,MSS/MSI-L
769-P,910922,MSS/MSI-L
786-0,905947,MSS/MSI-L
A498,905948,MSS/MSI-L
A704,910920,MSS/MSI-L
ACHN,905950,MSS/MSI-L
BB65-RCC,753533,MSS/MSI-L
BFTC-909,910698,MSS/MSI-L
CAKI-1,905963,MSS/MSI-L
CAL-54,910952,MSS/MSI-L
G-401,907299,MSS/MSI-L
HA7-RCC,753558,MSS/MSI-L
KMRC-1,1298168,MSS/MSI-L
KMRC-20,1298169,MSS/MSI-L
LB1047-RCC,753577,MSI-H
LB2241-RCC,753578,MSS/MSI-L
LB996-RCC,753585,MSS/MSI-L
NCC010,1509073,MSS/MSI-L
NCC021,1509074,MSS/MSI-L
OS-RC-2,909250,MSS/MSI-L
RCC10RGB,909974,MSS/MSI-L
RCC-AB,1524418,MSS/MSI-L
RCC-ER,1524417,MSS/MSI-L
RCC-FG2,1524414,MSS/MSI-L
RCC-JW,1524416,MSS/MSI-L
RCC-MF,1524419,MSS/MSI-L
RXF393,905978,MSS/MSI-L
SN12C,905979,MSS/MSI-L
TK10,905980,MSS/MSI-L
U031,905981,MSS/MSI-L
VMRC-RCZ,909781,MSS/MSI-L
201T,1287381,MSS/MSI-L
A549,905949,MSS/MSI-L
ABC-1,906791,MSS/MSI-L
Calu-3,687777,MSS/MSI-L
Calu-6,724859,MSS/MSI-L
COR-L105,906805,MSS/MSI-L
EKVX,905970,MSS/MSI-L
EMC-BAC-1,1503369,MSS/MSI-L
EMC-BAC-2,1503370,MSS/MSI-L
H3255,1247873,MSS/MSI-L
HCC-44,1240145,MSS/MSI-L
HCC-78,1290908,MSS/MSI-L
HCC-827,1240146,MSS/MSI-L
LC-2-ad,907786,MSS/MSI-L
LXF-289,753592,MSS/MSI-L
NCI-H1355,724866,MSS/MSI-L
NCI-H1395,684681,MSS/MSI-L
NCI-H1435,1298347,MSS/MSI-L
NCI-H1563,753600,MSS/MSI-L
NCI-H1568,1298348,MSS/MSI-L
NCI-H1573,908472,MSS/MSI-L
NCI-H1623,687798,MSS/MSI-L
NCI-H1648,687799,MSS/MSI-L
NCI-H1650,687800,MSS/MSI-L
NCI-H1651,910900,MSS/MSI-L
NCI-H1666,908473,MSS/MSI-L
NCI-H1693,687802,MSS/MSI-L
NCI-H1703,908474,MSS/MSI-L
NCI-H1734,722058,MSS/MSI-L
NCI-H1755,908475,MSS/MSI-L
NCI-H1781,1298350,MSS/MSI-L
NCI-H1792,724868,MSS/MSI-L
NCI-H1793,908463,MSS/MSI-L
NCI-H1838,687807,MSS/MSI-L
NCI-H1944,1240185,MSS/MSI-L
NCI-H1975,924244,MSS/MSI-L
NCI-H1993,908476,MSS/MSI-L
NCI-H2009,724873,MSS/MSI-L
NCI-H2023,1240187,MSS/MSI-L
NCI-H2030,722045,MSS/MSI-L
NCI-H2085,687812,MSS/MSI-L
NCI-H2087,724834,MSS/MSI-L
NCI-H2122,722046,MSS/MSI-L
NCI-H2228,687816,MSS/MSI-L
NCI-H2291,724874,MSS/MSI-L
NCI-H23,905942,MSS/MSI-L
NCI-H2342,687819,MSS/MSI-L
NCI-H2347,687820,MSS/MSI-L
NCI-H2405,687821,MSS/MSI-L
NCI-H292,753604,MSS/MSI-L
NCI-H3122,1240190,MSS/MSI-L
NCI-H322M,905967,MSS/MSI-L
NCI-H358,908465,MSS/MSI-L
NCI-H441,908460,MSS/MSI-L
NCI-H522,905944,MSS/MSI-L
NCI-H596,908459,MSS/MSI-L
NCI-H650,722066,MSS/MSI-L
NCI-H838,910399,MSS/MSI-L
PC-14,753608,MSS/MSI-L
RERF-LC-KJ,1298537,MSS/MSI-L
RERF-LC-MS,910931,MSS/MSI-L
SK-LU-1,909721,MSS/MSI-L
SW1573,724878,MSS/MSI-L
NCI-H720,687600,MSS/MSI-L
NCI-H727,724855,MSS/MSI-L
NCI-H835,753607,MSS/MSI-L
UMC-11,909779,MSS/MSI-L
COR-L23,687780,MSS/MSI-L
HOP-92,905973,MSS/MSI-L
IA-LM,910779,MSS/MSI-L
LCLC-103H,753586,MSS/MSI-L
LCLC-97TM1,946361,MSS/MSI-L
LU-65,724863,MSS/MSI-L
LU-99A,907796,MSS/MSI-L
NCI-H1155,908467,MSS/MSI-L
NCI-H1299,724831,MSS/MSI-L
NCI-H1581,908471,MSS/MSI-L
NCI-H1915,1240184,MSS/MSI-L
NCI-H661,687829,MSS/MSI-L
NCI-H810,925341,MSS/MSI-L
A427,910851,MSS/MSI-L
BEN,753534,MSS/MSI-L
CAL-12T,753540,MSS/MSI-L
ChaGo-K-1,687596,MSS/MSI-L
HCC-366,1240144,MSS/MSI-L
NCI-H1770,687804,MSS/MSI-L
NCI-H2110,1298351,MSS/MSI-L
NCI-H2135,1298352,MSS/MSI-L
NCI-H2172,1298353,MSS/MSI-L
NCI-H2444,1298356,MSS/MSI-L
NCI-H647,1240191,MSS/MSI-L
EBC-1,753554,MSS/MSI-L
EPLC-272H,753556,MSS/MSI-L
HARA,1240142,MSS/MSI-L
HCC-15,1240143,MSS/MSI-L
KNS-62,753569,MSS/MSI-L
LC-1-sq,1298223,MSS/MSI-L
LK-2,687787,MSS/MSI-L
LOU-NH91,1298226,MSS/MSI-L
NCI-H1869,1240183,MSS/MSI-L
NCI-H2170,687815,MSS/MSI-L
NCI-H226,905941,MSS/MSI-L
NCI-H520,908443,MSS/MSI-L
RERF-LC-Sq1,1298538,MSS/MSI-L
SK-MES-1,909728,MSS/MSI-L
SW900,724879,MSS/MSI-L
COR-L321,1322213,MSS/MSI-L
COLO-668,910692,MSS/MSI-L
COR-L279,910937,MSS/MSI-L
COR-L303,1297438,MSS/MSI-L
COR-L311,687980,MSS/MSI-L
COR-L32,1322212,MSS/MSI-L
COR-L88,906808,MSS/MSI-L
CPC-N,753547,MSS/MSI-L
DMS-114,687983,MSS/MSI-L
DMS-273,687985,MSS/MSI-L
DMS-53,907295,MSS/MSI-L
IST-SL1,753564,MSS/MSI-L
IST-SL2,753565,MSS/MSI-L
LB647-SCLC,753582,MSS/MSI-L
LU-134-A,753588,MSS/MSI-L
LU-135,713899,MSS/MSI-L
LU-139,713878,MSS/MSI-L
LU-165,753589,MSS/MSI-L
MS-1,753594,MSS/MSI-L
NCI-H1048,687995,MSI-H
NCI-H1092,687997,MSS/MSI-L
NCI-H1105,908468,MSS/MSI-L
NCI-H1341,1330964,MSS/MSI-L
NCI-H1417,688001,MSS/MSI-L
NCI-H1436,908469,MSS/MSI-L
NCI-H146,910899,MSS/MSI-L
NCI-H1688,1298349,MSS/MSI-L
NCI-H1694,688006,MSS/MSI-L
NCI-H1836,1240182,MSS/MSI-L
NCI-H187,688007,MSS/MSI-L
NCI-H1876,1330972,MSS/MSI-L
NCI-H196,1240186,MSS/MSI-L
NCI-H1963,688010,MSS/MSI-L
NCI-H2029,688011,MSS/MSI-L
NCI-H2066,1330973,MSS/MSI-L
NCI-H209,688013,MSS/MSI-L
NCI-H211,1240189,MSS/MSI-L
NCI-H2141,688014,MSS/MSI-L
NCI-H2196,908481,MSS/MSI-L
NCI-H2227,688018,MSS/MSI-L
NCI-H250,924241,MSS/MSI-L
NCI-H345,688021,MSS/MSI-L
NCI-H378,688022,MSS/MSI-L
NCI-H446,688023,MSS/MSI-L
NCI-H510A,753605,MSS/MSI-L
NCI-H524,908483,MSS/MSI-L
NCI-H526,688025,MSS/MSI-L
NCI-H64,688026,MSS/MSI-L
NCI-H69,688027,MSS/MSI-L
NCI-H748,909194,MSS/MSI-L
NCI-H82,688031,MSS/MSI-L
NCI-H841,1240192,MSS/MSI-L
NCI-H847,1240193,MSS/MSI-L
SBC-1,713885,MSS/MSI-L
SBC-3,753610,MSS/MSI-L
SBC-5,713880,MSS/MSI-L
H2369,1290808,MSS/MSI-L
H2373,1290809,MSS/MSI-L
H2461,1290810,MSS/MSI-L
H2591,1240131,MSS/MSI-L
H2595,1240132,MSS/MSI-L
H2722,1290812,MSS/MSI-L
H2731,1240134,MSS/MSI-L
H2795,1290813,MSS/MSI-L
H2803,1240135,MSS/MSI-L
H2804,1240136,MSS/MSI-L
H2810,1240137,MSS/MSI-L
H2818,1290814,MSS/MSI-L
H2869,1240138,MSS/MSI-L
H290,1240139,MSS/MSI-L
H513,1240141,MSS/MSI-L
IST-MES1,907173,MSS/MSI-L
MPP-89,908150,MSS/MSI-L
MSTO-211H,908152,MSS/MSI-L
NCI-H2052,688058,MSS/MSI-L
NCI-H2452,908462,MSS/MSI-L
NCI-H28,908470,MSS/MSI-L
42-MG-BA,687561,MSS/MSI-L
8-MG-BA,687562,MSS/MSI-L
A172,687563,MSS/MSI-L
AM-38,910933,MSS/MSI-L
Becker,906746,MSS/MSI-L
CAS-1,910943,MSS/MSI-L
CCF-STTG1,906823,MSS/MSI-L
D-247MG,946367,MSS/MSI-L
D-263MG,946368,MSS/MSI-L
D-336MG,946369,MSS/MSI-L
D-392MG,946370,MSS/MSI-L
D-502MG,946373,MSS/MSI-L
D-542MG,753549,MSS/MSI-L
D-566MG,946377,MSS/MSI-L
DBTRG-05MG,906835,MSS/MSI-L
DK-MG,906839,MSS/MSI-L
GAMG,906868,MSS/MSI-L
GB-1,687568,MSS/MSI-L
GI-1,906871,MSS/MSI-L
GMS-10,906873,MSS/MSI-L
H4,907042,MSS/MSI-L
Hs683,1240150,MSS/MSI-L
KALS-1,907271,MSS/MSI-L
KINGS-1,907279,MSS/MSI-L
KNS-42,907282,MSS/MSI-L
KNS-81-FD,924188,MSS/MSI-L
KS-1,907313,MSS/MSI-L
LN-18,1240168,MSS/MSI-L
LN-229,1240169,MSS/MSI-L
LN-405,910694,MSS/MSI-L
LNZTA3WT4,1240170,MSS/MSI-L
M059J,949094,MSS/MSI-L
MOG-G-CCM,908144,MSS/MSI-L
MOG-G-UVW,908145,MSS/MSI-L
NMC-G1,908449,MSS/MSI-L
no-10,908452,MSS/MSI-L
no-11,908450,MSS/MSI-L
SF126,909712,MSS/MSI-L
SF268,905986,MSS/MSI-L
SF295,905985,MSS/MSI-L
SF539,905984,MSS/MSI-L
SK-MG-1,909729,MSS/MSI-L
SNB75,905982,MSS/MSI-L
SW1088,909745,MSS/MSI-L
SW1783,909750,MSS/MSI-L
T98G,687586,MSS/MSI-L
U-118-MG,687588,MSS/MSI-L
U251,905983,MSS/MSI-L
U-87-MG,687590,MSS/MSI-L
YH-13,909905,MSS/MSI-L
YKG-1,687592,MSS/MSI-L
D-283MED,906834,MSS/MSI-L
Daoy,906833,MSS/MSI-L
ONS-76,909248,MSS/MSI-L
PFSK-1,683667,MSS/MSI-L
BE2-M17,753616,MSS/MSI-L
CHP-126,910567,MSS/MSI-L
CHP-134,910941,MSS/MSI-L
CHP-212,906820,MSS/MSI-L
GI-ME-N,906872,MSS/MSI-L
GOTO,906875,MSS/MSI-L
IMR-5,907170,MSS/MSI-L
KELLY,753618,MSS/MSI-L
KP-N-YN,907314,MSS/MSI-L
LAN-6,949170,MSS/MSI-L
MHH-NB-11,908135,MSS/MSI-L
NB(TU)1-10,1240181,MSS/MSI-L
NB1,949179,MSS/MSI-L
NB10,949171,MSS/MSI-L
NB12,949172,MSS/MSI-L
NB13,949177,MSS/MSI-L
NB14,949178,MSS/MSI-L
NB17,949175,MSS/MSI-L
NB5,949176,MSS/MSI-L
NB6,949173,MSS/MSI-L
NB69,908440,MSS/MSI-L
NB7,949174,MSS/MSI-L
NH-12,908447,MSS/MSI-L
SIMA,753620,MSS/MSI-L
SK-N-AS,724828,MSS/MSI-L
SK-N-DZ,688086,MSS/MSI-L
SK-N-FI,688087,MSS/MSI-L
SK-N-SH,717431,MSS/MSI-L
TGW,910780,MSS/MSI-L
AsPC-1,910702,MSS/MSI-L
BxPC-3,906693,MSS/MSI-L
CAPAN-1,753624,MSS/MSI-L
Capan-2,910915,MSS/MSI-L
CFPAC-1,906821,MSS/MSI-L
DAN-G,1290797,MSS/MSI-L
HPAC,1298136,MSS/MSI-L
HPAF-II,724869,MSS/MSI-L
Hs766T,1298141,MSS/MSI-L
HuP-T3,907285,MSS/MSI-L
HuP-T4,907286,MSS/MSI-L
KP-1N,1298216,MSS/MSI-L
KP-3,1298219,MSS/MSI-L
KP-4,753572,MSS/MSI-L
MIA-PaCa-2,724870,MSS/MSI-L
MZ1-PC,753595,MSS/MSI-L
PANC-02-03,1298475,MSS/MSI-L
PANC-03-27,925346,MSS/MSI-L
PANC-04-03,1298476,MSS/MSI-L
PANC-08-13,925347,MSS/MSI-L
PANC-10-05,925348,MSS/MSI-L
PA-TU-8902,1298526,MSS/MSI-L
PA-TU-8988T,1240201,MSS/MSI-L
PL18,1240208,MSS/MSI-L
PL4,1298533,MSS/MSI-L
PSN1,910546,MSS/MSI-L
QGP-1,1298534,MSS/MSI-L
SU8686,1240218,MSS/MSI-L
SUIT-2,1240219,MSS/MSI-L
SW1990,910907,MSS/MSI-L
YAPC,909904,MSS/MSI-L
451Lu,1287706,MSS/MSI-L
A101D,910921,MSS/MSI-L
A2058,906792,MSS/MSI-L
A375,906793,MSS/MSI-L
C32,906830,MSS/MSI-L
CHL-1,910853,MSS/MSI-L
COLO-679,906818,MSS/MSI-L
COLO-792,906814,MSS/MSI-L
COLO-800,906813,MSS/MSI-L
COLO-829,687448,MSS/MSI-L
CP50-MEL-B,753545,MSS/MSI-L
CP66-MEL,753546,MSS/MSI-L
G-361,906865,MSS/MSI-L
GAK,910932,MSS/MSI-L
G-MEL,1240130,MSS/MSI-L
HMV-II,907058,MSS/MSI-L
Hs940-T,1298145,MSS/MSI-L
HT-144,907067,MSS/MSI-L
IGR-1,907169,MSS/MSI-L
IGR-37,1240153,MSS/MSI-L
IPC-298,907171,MSS/MSI-L
IST-MEL1,907172,MSS/MSI-L
LB2518-MEL,753579,MSS/MSI-L
LB373-MEL-D,753581,MSS/MSI-L
LOXIMVI,905974,MSS/MSI-L
M14,905975,MSS/MSI-L
MEL-HO,908124,MSS/MSI-L
MEL-JUSO,908125,MSS/MSI-L
Mewo,908128,MSS/MSI-L
MMAC-SF,925339,MSS/MSI-L
MZ2-MEL,971777,MSS/MSI-L
MZ7-mel,753596,MSS/MSI-L
RPMI-7951,910903,MSS/MSI-L
RVH-421,909706,MSS/MSI-L
SH-4,909713,MSS/MSI-L
SK-MEL-1,909723,MSS/MSI-L
SK-MEL-2,905955,MSI-H
SK-MEL-24,909725,MSS/MSI-L
SK-MEL-28,905954,MSS/MSI-L
SK-MEL-3,909724,MSS/MSI-L
SK-MEL-30,909726,MSS/MSI-L
SK-MEL-31,909727,MSS/MSI-L
SK-MEL-5,905956,MSS/MSI-L
UACC-257,905977,MSS/MSI-L
UACC-62,905976,MSS/MSI-L
WM-115,909784,MSS/MSI-L
WM1552C,1299078,MSS/MSI-L
WM278,1240226,MSS/MSI-L
WM35,1299080,MSS/MSI-L
WM793B,1299081,MSS/MSI-L
A388,910697,MSS/MSI-L
A431,910925,MSS/MSI-L
DJM-1,906841,MSS/MSI-L
HT-1080,907064,MSS/MSI-L
SW684,909754,MSS/MSI-L
A204,910784,MSS/MSI-L
A673,684052,MSS/MSI-L
KYM-1,1240166,MSS/MSI-L
RD,909264,MSS/MSI-L
RH-1,971773,MSS/MSI-L
RH-18,971774,MSS/MSI-L
RH-41,1240210,MSS/MSI-L
SJRH30,909716,MSS/MSI-L
TE-441-T,924248,MSS/MSI-L
G-402,907298,MSS/MSI-L
GCT,906999,MSS/MSI-L
MFH-ino,925343,MSS/MSI-L
SK-LMS-1,909720,MSS/MSI-L
SK-UT-1,909732,MSI-H
SW872,909756,MSS/MSI-L
SW982,909759,MSS/MSI-L
VA-ES-BJ,688121,MSS/MSI-L
8305C,906795,MSS/MSI-L
8505C,924102,MSS/MSI-L
ASH-3,1290722,MSS/MSI-L
BCPAP,924104,MSS/MSI-L
BHT-101,906696,MSS/MSI-L
CAL-62,906828,MSS/MSI-L
CGTH-W-1,910568,MSS/MSI-L
FTC-133,906864,MSS/MSI-L
HTC-C3,924151,MSS/MSI-L
IHH-4,1240154,MSS/MSI-L
K5,924238,MSS/MSI-L
ML-1,1240178,MSS/MSI-L
RO82-W-1,930083,MSS/MSI-L
TT,930299,MSS/MSI-L
TT2609-C02,1240223,MSS/MSI-L
5637,687452,MSS/MSI-L
639-V,906798,MSS/MSI-L
647-V,906797,MSS/MSI-L
BFTC-905,910926,MSS/MSI-L
CAL-29,1290730,MSS/MSI-L
DSH1,753552,MSS/MSI-L
HT-1197,907065,MSS/MSI-L
HT-1376,907066,MSS/MSI-L
J82,753566,MSS/MSI-L
KU-19-19,907312,MSS/MSI-L
LB831-BLC,753584,MSS/MSI-L
RT-112,909704,MSS/MSI-L
RT4,687455,MSS/MSI-L
SW1710,909749,MSS/MSI-L
SW780,687457,MSS/MSI-L
T-24,724812,MSS/MSI-L
TCCSUP,687459,MSS/MSI-L
UM-UC-3,724838,MSS/MSI-L
VM-CUB-1,909780,MSS/MSI-L
C-33-A,687505,MSI-H
C-4-I,687506,MSS/MSI-L
CAL-39,924107,MSS/MSI-L
Ca-Ski,906824,MSS/MSI-L
DoTc2-4510,906843,MSS/MSI-L
HeLa,1298134,MSS/MSI-L
HT-3,907068,MSS/MSI-L
ME-180,687514,MSS/MSI-L
MS751,1240179,MSS/MSI-L
SiHa,930297,MSS/MSI-L
SISO,1240212,MSS/MSI-L
SKG-IIIa,930298,MSS/MSI-L
SW756,724839,MSS/MSI-L
TC-YIK,946357,MSS/MSI-L
AN3-CA,910781,MSI-H
COLO-684,910691,MSI-H
EN,1240127,MSS/MSI-L
ESS-1,907000,MSS/MSI-L
HEC-1,907051,MSI-H
KLE,924187,MSS/MSI-L
MFE-280,908129,MSS/MSI-L
MFE-296,908130,MSI-H
MFE-319,1240174,MSI-H
SNG-M,909735,MSI-H
A2780,906804,MSS/MSI-L
Caov-4,949090,MSS/MSI-L
EFO-21,911905,MSS/MSI-L
EFO-27,906852,MSI-H
ES-2,1240128,MSS/MSI-L
FU-OV-1,1240129,MSS/MSI-L
IGROV-1,905968,MSI-H
JHOS-2,1479995,MSS/MSI-L
JHOS-3,1480358,MSS/MSI-L
JHOS-4,1480359,MSS/MSI-L
KGN,924186,MSS/MSI-L
KURAMOCHI,909975,MSS/MSI-L
OAW-28,946360,MSS/MSI-L
OAW-42,910548,MSS/MSI-L
OC-314,909257,MSI-H
OV-17R,1480361,MSS/MSI-L
OV-56,1480362,MSS/MSI-L
OV-7,1480360,MSS/MSI-L
OV-90,1240197,MSS/MSI-L
OVCA420,1480364,MSS/MSI-L
OVCAR-3,905933,MSS/MSI-L
OVCAR-4,905990,MSS/MSI-L
OVCAR-5,905969,MSS/MSI-L
OVCAR-8,905991,MSS/MSI-L
OVISE,1240198,MSS/MSI-L
OVK-18,1480371,MSI-H
OVKATE,1240199,MSS/MSI-L
OVMIU,1240200,MSS/MSI-L
OVTOKO,1298365,MSS/MSI-L
PA-1,909255,MSS/MSI-L
PEO1,1480372,MSS/MSI-L
RKN,1298539,MSS/MSI-L
RMG-I,909699,MSS/MSI-L
SK-OV-3,905959,MSI-H
SW626,909753,MSS/MSI-L
TOV-112D,1299070,MSS/MSI-L
TOV-21G,1240222,MSI-H
TYK-nu,909774,MSS/MSI-L
UWB1.289,1480374,MSS/MSI-L
22RV1,924100,MSI-H
BPH-1,924105,MSS/MSI-L
DU-145,905935,MSI-H
LNCaP-Clone-FGC,907788,MSI-H
PC-3,905934,MSS/MSI-L
PWR-1E,1330993,MSS/MSI-L
VCaP,1299075,MSS/MSI-L
NCCIT,908441,MSS/MSI-L
NEC8,910942,MSS/MSI-L
NTERA-2 cl.D1,908454,MSS/MSI-L
JAR,907175,MSS/MSI-L
JEG-3,907176,MSS/MSI-L
SW954,924247,MSS/MSI-L
SW962,909758,MSS/MSI-L
MES-SA,908127,MSS/MSI-L
SKN,1240215,MSS/MSI-L
DMS-79,753551,
CMK,910566,MSS/MSI-L
NB-4,1323913,MSS/MSI-L
MHH-CALL-4,908133,MSS/MSI-L
BC-3,910918,MSS/MSI-L
HT,907063,MSI-H
JM1,1327768,MSS/MSI-L
BONNA-12,906695,MSS/MSI-L
ES6,949157,MSS/MSI-L
MHH-ES-1,908134,MSS/MSI-L
DIFI,1789883,MSS/MSI-L
NCI-H508,908442,MSS/MSI-L
SNU-283,1659929,MSS/MSI-L
SW620,905962,MSS/MSI-L
JHH-2,1240157,MSS/MSI-L
JHH-4,1240158,MSS/MSI-L
RCC-JF,1524415,MSS/MSI-L
SW156,1240220,MSS/MSI-L
HOP-62,905972,MSS/MSI-L
NCI-H1437,687794,MSS/MSI-L
PC-3 [JPC-3],1240202,MSS/MSI-L
NCI-H740,1331055,MSS/MSI-L
COR-L95,1297439,MSS/MSI-L
HCC-33,1303901,MSS/MSI-L
NCI-H128,753597,MSS/MSI-L
NCI-H1304,753599,MSS/MSI-L
NCI-H2081,908480,MSS/MSI-L
NCI-H2171,688015,MSS/MSI-L
SHP-77,724872,MSS/MSI-L
SW1271,1299062,MSS/MSI-L
D-423MG,946372,MSS/MSI-L
KP-N-RT-BM-1,924189,MSS/MSI-L
KP-N-YS,946363,MSS/MSI-L
MC-IXC,908118,MSS/MSI-L
COLO-783,1240125,MSS/MSI-L
CP67-MEL,949092,MSS/MSI-L
Hs633T,1240149,MSS/MSI-L
KMH-2,1298167,MSS/MSI-L
OMC-1,949154,MSS/MSI-L
RL95-2,930082,MSI-H
Caov-3,906825,MSS/MSI-L
DOV13,1479987,MSS/MSI-L
Hey,1479988,MSS/MSI-L
NCI-H660,1330975,MSS/MSI-L
JHU-029,1298156,
SCC90,1299052,
MOLM-16,1330948,
OCI-LY7,1659819,
KMS-11,1659817,
CHSA0011,1290767,
CHSA0108,1290768,
JIMT-1,1298157,
CL-34,1290771,
VMRC-LCD,713869,
K2,1298160,
STS-0421,1299061,
MY-M12,1330960,MSS/MSI-L
TALL-1,909762,MSS/MSI-L
NK-92MI,1330981,MSS/MSI-L
MDA-MB-175-VII,908120,MSS/MSI-L
YMB-1-E,1303911,MSS/MSI-L
VMRC-RCW,1240224,MSS/MSI-L
NCI-H460,905943,MSS/MSI-L
RERF-LC-FM,930081,MSS/MSI-L
D-245MG,946366,MSS/MSI-L
Hs939-T,1298144,MSS/MSI-L
VMRC-MELG,930301,MSS/MSI-L
OVCA433,1480367,MSS/MSI-L
TMK-1,1299069,
KP-2,1298218,
KO52,1330932,MSS/MSI-L
SC-1,1331030,MSS/MSI-L
U-CH2,1503373,MSS/MSI-L
TOTAL:,,